Reference,Value,Footprint,Description,Manufacturer,Part Number,Purchase Link,Z - Mouser Purchase Link,Qty,Unit Price,Total Price
2.4_ANT1,ANT-2.4-CW-RCL-SMA,,"RF ANTENNA 802.15.4, Bluetooth, General ISM, WiFi Whip, Right Angle SMA Male Connector Mount",TE Connectivity Linx,ANT-2.4-CW-RCL-SMA,https://www.digikey.com/en/products/detail/te-connectivity-linx/ANT-2-4-CW-RCL-SMA/13147743,,1,8.81,$8.81 
915_ANT1,ANT-916-CW-RCL-SMA,,"RF ANTENNA ISM, LPWA Whip, Right Angle SMA Male Connector Mount",TE Connectivity Linx,ANT-916-CW-RCL-SMA,https://www.digikey.com/en/products/detail/te-connectivity-linx/ANT-916-CW-RCL-SMA/13147742,,1,7.86,$7.86 
BAT1,LP503562JU+PCM+2 WIRES 50MM,,3.7 V Lithium Polymer Battery Rechargeable (Secondary) 1.25Ah,Jauch Quartz,LP503562JU+PCM+2 WIRES 50MM,https://www.digikey.com/en/products/detail/jauch-quartz/LP503562JU-PCM-2-WIRES-50MM/9560989,,1,11.4,$11.40 
"C1, C5, C6, C10, C11, C13, C14, C16, C17, C22, C43, C45, C46, C50, C52, C55-C58, C61-C64, C66, C67",0u1F,Capacitor_SMD:C_0603_1608Metric,0.1 ÂµF Â±10% 50V Ceramic Capacitor X7R 0603 (1608 Metric),Samsung Electro-Mechanics,CL10B104KB8NNNC,https://www.digikey.com/en/products/detail/samsung-electro-mechanics/CL10B104KB8NNNC/3886658,,25,0.1,$2.50 
"C2, C7, C19, C20, C39, C40",16pF,Capacitor_SMD:C_0603_1608Metric,"16 pF Â±1% 50V Ceramic Capacitor C0G, NP0 0603 (1608 Metric)",YAGEO,CC0603FRNPO9BN160,https://www.digikey.com/en/products/detail/yageo/CC0603FRNPO9BN160/16797528,,6,0.11,$0.66 
"C3, C4",2u2F,Capacitor_SMD:C_0603_1608Metric,2.2 ÂµF Â±10% 16V Ceramic Capacitor X5R 0603 (1608 Metric),Samsung Electro-Mechanics,CL10A225KO8NNNC,https://www.digikey.com/en/products/detail/samsung-electro-mechanics/CL10A225KO8NNNC/3886698,,2,0.1,$0.20 
"C8, C12, C15, C18, C38, C44, C48, C53, C59, C60, C69, C71",1uF,Capacitor_SMD:C_0603_1608Metric,1 ÂµF Â±10% 16V Ceramic Capacitor X7R 0603 (1608 Metric),Samsung Electro-Mechanics,CL10B105KO8NNNC,https://www.digikey.com/en/products/detail/samsung-electro-mechanics/CL10B105KO8NNNC/3886677,,12,0.1,$1.20 
"C9, C68",4u7F,Capacitor_SMD:C_0603_1608Metric,4.7 ÂµF Â±10% 16V Ceramic Capacitor X5R 0603 (1608 Metric),Samsung Electro-Mechanics,CL10A475KO8NNNC,https://www.digikey.com/en/products/detail/samsung-electro-mechanics/CL10A475KO8NNNC/3887442,,2,0.1,$0.20 
C21,470nF,Capacitor_SMD:C_0603_1608Metric,0.47 ÂµF Â±10% 50V Ceramic Capacitor X7R 0603 (1608 Metric),Taiyo Yuden,UMK107B7474KA-TR,https://www.digikey.com/en/products/detail/taiyo-yuden/UMK107B7474KA-TR/3194963,,1,0.13,$0.13 
C23,47nF,Capacitor_SMD:C_0603_1608Metric,0.047 ÂµF Â±10% 50V Ceramic Capacitor X7R 0603 (1608 Metric),Murata Electronics,GCJ188R71H473KA12D,https://www.digikey.com/en/products/detail/murata-electronics/GCJ188R71H473KA12D/2785873,,1,0.16,$0.16 
C24,47pF,Capacitor_SMD:C_0603_1608Metric,"47 pF Â±5% 50V Ceramic Capacitor C0G, NP0 0603 (1608 Metric)",Samsung Electro-Mechanics,CL10C470JB8NNNC,https://www.digikey.com/en/products/detail/samsung-electro-mechanics/CL10C470JB8NNNC/3886695,,1,0.1,$0.10 
"C25, C34, C35",3pF,Capacitor_SMD:C_0603_1608Metric,"3 pF Â±0.25pF 50V Ceramic Capacitor C0G, NP0 0603 (1608 Metric)",KYOCERA AVX,06035A3R0CAT2A,https://www.digikey.com/en/products/detail/kyocera-avx/06035A3R0CAT2A/1599833,,3,0.1,$0.30 
C26,5p6F,Capacitor_SMD:C_0603_1608Metric,"5.6 pF Â±0.1pF 50V Ceramic Capacitor C0G, NP0 0603 (1608 Metric)",YAGEO,CC0603BRNPO9BN5R6,https://www.digikey.com/en/products/detail/yageo/CC0603BRNPO9BN5R6/5883431,,1,0.1,$0.10 
"C27, C30",1p8F,Capacitor_SMD:C_0603_1608Metric,"1.8 pF Â±0.1pF 50V Ceramic Capacitor C0G, NP0 0603 (1608 Metric)",Samsung Electro-Mechanics,CL10C1R8BB8NNNC,https://www.digikey.com/en/products/detail/samsung-electro-mechanics/CL10C1R8BB8NNNC/3886785,,2,0.1,$0.20 
"C28, C33",39pF,Capacitor_SMD:C_0603_1608Metric,"39 pF Â±5% 50V Ceramic Capacitor C0G, NP0 0603 (1608 Metric)",KEMET,C0603C390J5GACTU,https://www.digikey.com/en/products/detail/kemet/C0603C390J5GACTU/2200652,,2,0.1,$0.20 
C29,2p4F,Capacitor_SMD:C_0603_1608Metric,"2.4 pF Â±0.1pF 50V Ceramic Capacitor C0G, NP0 0603 (1608 Metric)",YAGEO,CC0603BRNPO9BN2R4,https://www.digikey.com/en/products/detail/yageo/CC0603BRNPO9BN2R4/5883423,,1,0.1,$0.10 
"C31, C32",1nF,Capacitor_SMD:C_0603_1608Metric,1000 pF Â±10% 100V Ceramic Capacitor X7R 0603 (1608 Metric),TDK Corporation,CGA3E2X7R2A102K080AA,https://www.digikey.com/en/products/detail/tdk-corporation/CGA3E2X7R2A102K080AA/2443284,,2,0.1,$0.20 
"C36, C37, C41, C42",10pF,Capacitor_SMD:C_0603_1608Metric,"10 pF Â±5% 50V Ceramic Capacitor C0G, NP0 0603 (1608 Metric)",KEMET,C0603C100J5GACTU,https://www.digikey.com/en/products/detail/kemet/C0603C100J5GACTU/411051,,4,0.1,$0.40 
"C47, C70",10nF,Capacitor_SMD:C_0603_1608Metric,10000 pF Â±10% 50V Ceramic Capacitor X7R 0603 (1608 Metric),Samsung Electro-Mechanics,CL10B103KB8NNNC,https://www.digikey.com/en/products/detail/samsung-electro-mechanics/CL10B103KB8NNNC/3886667,,2,0.1,$0.20 
"C49, C51",4pF,Capacitor_SMD:C_0603_1608Metric,"4 pF Â±0.1pF 50V Ceramic Capacitor C0G, NP0 0603 (1608 Metric)",YAGEO,CC0603BRNPO9BN4R0,https://www.digikey.com/en/products/detail/yageo/CC0603BRNPO9BN4R0/11489743,,2,0.1,$0.20 
"C54, C65",10uF,Capacitor_SMD:C_0805_2012Metric,10 ÂµF Â±10% 16V Ceramic Capacitor X5R 0805 (2012 Metric),Samsung Electro-Mechanics,CL21A106KOQNNNE,https://www.digikey.com/en/products/detail/samsung-electro-mechanics/CL21A106KOQNNNE/3886754,,2,0.1,$0.20 
D1,BLINK,MyParts:LTST-C190KGKT,Green 571nm LED Indication - Discrete 2V 0603 (1608 Metric),Lite-On Inc.,LTST-C190KGKT,https://www.digikey.com/en/products/detail/liteon/LTST-C190KGKT/386815,,1,0.22,$0.22 
"D2, D3",SESD0402X1BN,MyParts:SESD0402X1BN,10V (Typ) Clamp 2A (8/20Âµs) Ipp Tvs Diode Surface Mount 0402,Littelfuse Inc.,SESD0402X1BN-0010-098,https://www.digikey.com/en/products/detail/littelfuse-inc/SESD0402X1BN-0010-098/5233544,,2,0.59,$1.18 
D4,CHGLED,MyParts:LTST-C190KGKT,Red 631nm LED Indication - Discrete 2V 0603 (1608 Metric),Lite-On Inc.,LTST-C190KRKT,https://www.digikey.com/en/products/detail/liteon/LTST-C190KRKT/386817,,1,0.21,$0.21 
D5,1N5819HW-7-F,MyParts:SOD3715X145N,Diode 40 V 1A Surface Mount SOD-123,Diodes Incorporated,1N5819HW-7-F,https://www.digikey.com/en/products/detail/diodes-incorporated/1N5819HW-7-F/814970,,1,0.25,$0.25 
D6,PWRLED,MyParts:LTST-C190KGKT,Blue 470nm LED Indication - Discrete 3.3V 0603 (1608 Metric),Lite-On Inc.,LTST-C190TBKT,https://www.digikey.com/en/products/detail/liteon/LTST-C190TBKT/388529,,1,0.34,$0.34 
"J1, J3",CONSMA002,MyParts:CONSMA002,"SMA Connector Receptacle, Female Socket 50 Ohms Through Hole, Right Angle Solder",TE Connectivity Linx,CONSMA002,https://www.digikey.com/en/products/detail/te-connectivity-linx/CONSMA002/1577204,,2,3.91,$7.82 
J7,2-84953-0,MyParts:2-84953-0,"20 Position FPC Connector Contacts, Top 0.039"" (1.00mm) Surface Mount, Right Angle",TE Connectivity AMP Connectors,2-84953-0,https://www.digikey.com/en/products/detail/te-connectivity-amp-connectors/2-84953-0/2180533,,1,1.45,$1.45 
J8,TYPE-C-31-M-12,MyParts:HRO_TYPE-C-31-M-12,"USB-C (USB TYPE-C) USB 2.0 Receptacle Connector 24 (16+8 Dummy) Position Surface Mount, Right Angle; Through Hole",Assmann WSW Components,A-USBC-20F0-EA-GSR11,https://www.digikey.com/en/products/detail/assmann-wsw-components/A-USBC-20F0-EA-GSR11/18735052,,1,0.81,$0.81 
L1,15uH,Inductor_SMD:L_0805_2012Metric,15 ÂµH Shielded Multilayer Inductor 250 mA 950mOhm 0805 (2012 Metric),TDK Corporation,MLZ2012M150WT000,https://www.digikey.com/en/products/detail/tdk-corporation/MLZ2012M150WT000/2465154,,1,0.12,$0.12 
L2,47nH,Inductor_SMD:L_0603_1608Metric,"47 nH Unshielded Drum Core, Wirewound Inductor 380 mA 290mOhm Max 0603 (1608 Metric)",Murata Electronics,LQW18AN47NG00D,https://www.digikey.com/en/products/detail/murata-electronics/LQW18AN47NG00D/2595014,,1,0.15,$0.15 
L3,2n7H,Inductor_SMD:L_0603_1608Metric,2.7 nH Unshielded Multilayer Inductor 1 A 150mOhm Max 0603 (1608 Metric),Murata Electronics,LQG18HN2N7S00D,https://www.digikey.com/en/products/detail/murata-electronics/LQG18HN2N7S00D/584312,,1,0.18,$0.18 
L4,15nH,Inductor_SMD:L_0603_1608Metric,"15 nH Unshielded Drum Core, Wirewound Inductor 600 mA 130mOhm Max 0603 (1608 Metric)",Murata Electronics,LQW18AN15NG00D,https://www.digikey.com/en/products/detail/murata-electronics/LQW18AN15NG00D/2594983?s=N4IgTCBcDaIDIEUDqBGAHAQQHIoKxYHEAGIgERAF0BfIA,,1,0.15,$0.15 
L5,4n7H,Inductor_SMD:L_0603_1608Metric,4.7 nH Unshielded Multilayer Inductor 900 mA 200mOhm Max 0603 (1608 Metric),Murata Electronics,LQG18HN4N7S00D,https://www.digikey.com/en/products/detail/murata-electronics/LQG18HN4N7S00D/584315,,1,0.18,$0.18 
L6,9n1H,Inductor_SMD:L_0603_1608Metric,9.1 nH Unshielded Wirewound Inductor 700 mA 135mOhm Max 0603 (1608 Metric),Max Echo,HBWS1608-9N1J,https://www.digikey.com/en/products/detail/max-echo/HBWS1608-9N1J/22539161,,1,0.1,$0.10 
L7,5n2H,Inductor_SMD:L_0402_1005Metric,"5.2 nH Unshielded Drum Core, Wirewound Inductor 1.77 A 40mOhm Max 0402 (1005 Metric)",Murata Electronics,LQW15AN5N2B8ZD,https://www.digikey.com/en/products/detail/murata-electronics/LQW15AN5N2B8ZD/6798930,,1,0.16,$0.16 
L8,24nH,Inductor_SMD:L_0603_1608Metric,"24 nH Unshielded Drum Core, Wirewound Inductor 1.3 A 86mOhm Max 0603 (1608 Metric)",Murata Electronics,LQW18AN24NG80D,https://www.digikey.com/en/products/detail/murata-electronics/LQW18AN24NG80D/4906028,,1,0.18,$0.18 
"L9, L10",2nH,Inductor_SMD:L_0603_1608Metric,2 nH Unshielded Wirewound Inductor 700 mA 130mOhm Max 0603 (1608 Metric),Murata Electronics,LQW18AS2N0J00D,https://www.digikey.com/en/products/detail/murata-electronics/LQW18AS2N0J00D/16033617,,2,0.15,$0.30 
LCD1,NHD-2.4-240320CF-BSXV-F,,"Graphic LCD Display Module Transmissive Red, Green, Blue (RGB) TFT - Color SPI 2.4"" (60.96mm) 240 x 320",Newhaven Display Intl,NHD-2.4-240320CF-BSXV-F,https://www.digikey.com/en/products/detail/newhaven-display-intl/NHD-2-4-240320CF-BSXV-F/11476257,,1,20.17,$20.17 
M2,VZ6DCBB0735091,MyParts:VZ6DCBB0735091,"DC Motor Vibration, ERM (Haptic) 7000 RPM 3VDC",Vybronics Inc,VZ6DCBB0735091,https://www.digikey.com/en/products/detail/vybronics-inc/VZ6DCBB0735091/6009923,,1,2.31,$2.31 
"Q1, Q2",DMG1012T,MyParts:DMG1012T-7,N-Channel 20 V 630mA (Ta) 280mW (Ta) Surface Mount SOT-523,Diodes Incorporated,DMG1012T-7,https://www.digikey.com/en/products/detail/diodes-incorporated/DMG1012T-7/2174582,,2,0.99,$1.98 
"R1-R3, R5",4k7,Resistor_SMD:R_0603_1608Metric,"4.7 kOhms Â±1% 0.1W, 1/10W Chip Resistor 0603 (1608 Metric) Automotive AEC-Q200 Thick Film",Stackpole Electronics Inc,RMCF0603FT4K70,https://www.digikey.com/en/products/detail/stackpole-electronics-inc/RMCF0603FT4K70/1760998,,4,0.1,$0.40 
"R4, R14, R17, R27",1k,Resistor_SMD:R_0603_1608Metric,"1 kOhms Â±1% 0.1W, 1/10W Chip Resistor 0603 (1608 Metric) Moisture Resistant Thick Film",YAGEO,RC0603FR-071KL,https://www.digikey.com/en/products/detail/yageo/RC0603FR-071KL/726843,,4,0.1,$0.40 
"R6, R7, R10-R12, R15, R18-R20, R25, R26",10k,Resistor_SMD:R_0603_1608Metric,"10 kOhms Â±1% 0.1W, 1/10W Chip Resistor 0603 (1608 Metric) Automotive AEC-Q200 Thick Film",Stackpole Electronics Inc,RMCF0603FT10K0,https://www.digikey.com/en/products/detail/stackpole-electronics-inc/RMCF0603FT10K0/1761235,,11,0.1,$1.10 
"R8, R9",100R,Resistor_SMD:R_0603_1608Metric,"100 Ohms Â±1% 0.1W, 1/10W Chip Resistor 0603 (1608 Metric) Automotive AEC-Q200 Thick Film",Panasonic Electronic Components,ERJ-3EKF1000V,https://www.digikey.com/en/products/detail/panasonic-electronic-components/ERJ-3EKF1000V/196074,,2,0.1,$0.20 
R13,499R,Resistor_SMD:R_0603_1608Metric,"499 Ohms Â±1% 0.1W, 1/10W Chip Resistor 0603 (1608 Metric) Moisture Resistant Thick Film",YAGEO,RC0603FR-07499RL,https://www.digikey.com/en/products/detail/yageo/RC0603FR-07499RL/727266,,1,0.1,$0.10 
R16,NTC10k,Resistor_SMD:R_0603_1608Metric,NTC Thermistor 10k 0603 (1608 Metric),Murata Electronics,NCU18XH103F6SRB,https://www.digikey.com/en/products/detail/murata-electronics/NCU18XH103F6SRB/7243451,,1,0.14,$0.14 
R21,2k,Resistor_SMD:R_0603_1608Metric,"2 kOhms Â±0.1% 0.1W, 1/10W Chip Resistor 0603 (1608 Metric) Automotive AEC-Q200 Thin Film",Panasonic Electronic Components,ERA-3AEB202V,https://www.digikey.com/en/products/detail/panasonic-electronic-components/ERA-3AEB202V/1465861,,1,0.14,$0.14 
R22,5k,Resistor_SMD:R_0603_1608Metric,"5 kOhms Â±0.1% 0.1W, 1/10W Chip Resistor 0603 (1608 Metric) Thin Film",YAGEO,RT0603BRE075KL,https://www.digikey.com/en/products/detail/yageo/RT0603BRE075KL/7708365,,1,0.17,$0.17 
"R23, R24",5k1,Resistor_SMD:R_0603_1608Metric,"5.1 kOhms Â±1% 0.1W, 1/10W Chip Resistor 0603 (1608 Metric) Moisture Resistant Thick Film",YAGEO,RC0603FR-075K1L,https://www.digikey.com/en/products/detail/yageo/RC0603FR-075K1L/727268,,2,0.1,$0.20 
R32,75R,Resistor_SMD:R_0603_1608Metric,"75 Ohms ±1% 0.1W, 1/10W Chip Resistor 0603 (1608 Metric) Moisture Resistant Thick Film",YAGEO,RC0603FR-0775RL,https://www.digikey.com/en/products/detail/yageo/RC0603FR-0775RL/727377,,1,0.1,$0.10 
S1-S8,TL1105BF160Q,MyParts:TL1105DF160Q,Tactile Switch SPST-NO Top Actuated Through Hole,E-Switch,TL1105BF160Q,https://www.digikey.com/en/products/detail/e-switch/TL1105BF160Q/1358,,8,0.24,$1.92 
S9,EG1224,MyParts:SW_EG1224,"Slide Switch SPDT Through Hole, Right Angle",E-Switch,EG1224,https://www.digikey.com/en/products/detail/e-switch/EG1224/502052,,1,1.14,$1.14 
SW1-SW4,PTS810_SJM_250_SMTR_LFS,MyParts:SW_PTS810_SJM_250_SMTR_LFS,Tactile Switch SPST-NO Top Actuated Surface Mount,C&K,PTS810SJG250SMTR LFS,https://www.digikey.com/en/products/detail/c-k/PTS810SJG250SMTR-LFS/4176612,,4,0.65,$2.60 
U1,STM32H563VIT6,MyParts:STM32H563VIT6,ARMÂ® CortexÂ®-M33 STM32H5 Microcontroller IC 32-Bit 250MHz 2MB (2M x 8) FLASH 100-LQFP (14x14),STMicroelectronics,STM32H563VIT6,https://www.digikey.com/en/products/detail/stmicroelectronics/STM32H563VIT6/18110514,https://www.mouser.com/ProductDetail/STMicroelectronics/STM32H563VIT6?qs=amGC7iS6iy9cBT6kMj430g%3D%3D,1,8.4,$8.40 
U2,SX1262IMLTRT,MyParts:SX1262,IC RF TxRx Only General ISM < 1GHz LoRaWAN 150MHz ~ 960MHz 24-VFQFN Exposed Pad,Semtech Corporation,SX1262IMLTRT,https://www.digikey.com/en/products/detail/semtech-corporation/SX1262IMLTRT/8564369,https://www.mouser.com/ProductDetail/Semtech/SX1262IMLTRT?qs=XFmntM7Yc9eYt6yxTPughQ%3D%3D,1,9.24,$9.24 
U3,PE4259,Package_TO_SOT_SMD:SOT-363_SC-70-6,RF Switch IC General Purpose SPDT 3 GHz 50Ohm SC-70-6,pSemi,4259-63,https://www.digikey.com/en/products/detail/psemi/4259-63/2614473,https://www.mouser.com/ProductDetail/pSemi/4259-63?qs=iw0hurA%2FaD37qvQcKdATTw%3D%3D&srsltid=AfmBOopmfOWOIxar5hK5i2ZWKHR-CeXt3QRzl4Jw5Xm25-l2TpGZ9UwM,1,0.79,$0.79 
U4,ESP32-C6,MyParts:ESP32-C6,"IC RF TxRx Only Bluetooth, WiFi Bluetooth v5.0, Thread, ZigbeeÂ® 2.412GHz ~ 2.484GHz 40-VFQFN Exposed Pad",Espressif Systems,ESP32-C6,https://www.digikey.com/en/products/detail/espressif-systems/ESP32-C6/18587530,https://www.mouser.com/ProductDetail/Espressif-Systems/ESP32-C6?qs=Imq1NPwxi75noDtUpuVuWw%3D%3D,1,1.85,$1.85 
U5,BMI323,MyParts:BMI323,"Accelerometer, Gyroscope, 6 Axis Sensor I2C, I3C, SPI Output",Bosch Sensortec,BMI323,https://www.digikey.com/en/products/detail/bosch-sensortec/BMI323/16719593,https://www.mouser.com/ProductDetail/Bosch-Sensortec/BMI323?qs=By6Nw2ByBD3%2FE1v0UqNQPQ%3D%3D,1,3.27,$3.27 
U6,BME280,Package_LGA:Bosch_LGA-8_2.5x2.5mm_P0.65mm_ClockwisePinNumbering,"Humidity, Pressure, Temperature 0 ~ 100% RH I2C, SPI Â±3% 1 s Surface Mount",Bosch Sensortec,BME280,https://www.digikey.com/en/products/detail/bosch-sensortec/BME280/6136306,,1,4.65,$4.65 
U7,BQ24090DGQR,MyParts:IC_XTR111AIDGQR,Charger IC Lithium Ion/Polymer 10-HVSSOP,Texas Instruments,BQ24090DGQR,https://www.digikey.com/en/products/detail/texas-instruments/BQ24090DGQR/2353309,,1,1.11,$1.11 
U8,W25Q32JVSSIQ,MyParts:W25Q32JVSSIQ,FLASH - NOR Memory IC 32Mbit SPI - Quad I/O 133 MHz 8-SOIC,Winbond Electronics,W25Q32JVSSIQ,https://www.digikey.com/en/products/detail/winbond-electronics/W25Q32JVSSIQ/5803981,,1,0.8,$0.80 
U9,USBLC6-2SC6,Package_TO_SOT_SMD:SOT-23-6,17V Clamp 5A (8/20Âµs) Ipp Tvs Diode Surface Mount SOT-23-6,STMicroelectronics,USBLC6-2SC6,https://www.digikey.com/en/products/detail/stmicroelectronics/USBLC6-2SC6/1040559,,1,0.36,$0.36 
U10,VL53L4CXV0DH_1,MyParts:VL53L4CXV0DH_1,"Optical Sensor 0 ~ 236.22"" (0 ~ 6m) I2C Output",STMicroelectronics,VL53L4CXV0DH/1,https://www.digikey.com/en/products/detail/stmicroelectronics/VL53L4CXV0DH-1/16123777,,1,4.45,$4.45 
U11,TPS79533DCQR,MyParts:TPS79533DCQR,Linear Voltage Regulator IC Positive Fixed 1 Output 500mA SOT-223-6,Texas Instruments,TPS79533DCQR,https://www.digikey.com/en/products/detail/texas-instruments/TPS79533DCQR/510347,,1,2.27,$2.27 
XTAL2,SC32S-7PF20PPM,MyParts:SC32S-7PF20PPM,"32.768 kHz Â±20ppm Crystal 7pF 70 kOhms 2-SMD, No Lead",Seiko Instruments,SC32S-7PF20PPM,https://www.digikey.com/en/products/detail/seiko-instruments/SC32S-7PF20PPM/4931504,,1,0.38,$0.38 
Y1,ECS-320-10-36B-7KM-TR,MyParts:ECS-320-10-36B-CKM-TR,"32 MHz Â±7ppm Crystal 10pF 40 Ohms 4-SMD, No Lead",ECS Inc.,ECS-320-10-36B-7KM-TR,https://www.digikey.com/en/products/detail/ecs-inc/ECS-320-10-36B-7KM-TR/10480835,,1,0.44,$0.44 
Y2,ECS-400-10-37B2-CKY-TR,MyParts:ECS-400-10-37B2-CKY-TR,"40 MHz Â±10ppm Crystal 10pF 40 Ohms 4-SMD, No Lead",ECS Inc.,ECS-400-10-37B2-CKY-TR,https://www.digikey.com/en/products/detail/ecs-inc/ECS-400-10-37B2-CKY-TR/14548829,,1,0.38,$0.38 
Y3,ECS-80-18-23B-JTN-TR,MyParts:ECS-80-18-23B-JTN-TR,"8 MHz Â±20ppm Crystal 18pF 60 Ohms 4-SMD, No Lead",ECS Inc.,ECS-80-18-23B-JTN-TR,https://www.digikey.com/en/products/detail/ecs-inc/ECS-80-18-23B-JTN-TR/9953216,,1,0.98,$0.98 
,,,,,,,,,,$121.56 
